"url","username","password","httpRealm","formActionOrigin","guid","timeCreated","timeLastUsed","timePasswordChanged"
"https://www.pinterest.com","tatani2088@datoinf.com","'+u^5MN7RS>#Psz",,"https://www.pinterest.com","{1887ec7b-3604-4eac-a5e6-e7e8c1da67b9}","1760680488980","1761107039391","1760680501207"
"https://accounts.spotify.com","biviv73144@ahieh.com","12345@K1ll",,"https://accounts.spotify.com","{1c6b3465-2080-41c4-b55b-a87469db0fb6}","1760680665779","1761278954965","1760680665779"
"https://chat.deepseek.com","hello_aayush@outlook.com","12345@abcde#M3",,"https://chat.deepseek.com","{cc61d7f6-bd0c-422f-a9c2-ac3fc4f4b3c4}","1760680874019","1760680874019","1760680874019"
"https://chat.deepseek.com","deutsch_learn@outlook.com","A1$@w350M3bUtd0n'tB3dep3nd@nt",,"https://chat.deepseek.com","{dbec8948-4d60-4686-b604-c99c756f371e}","1760681068915","1760681068915","1760681068915"
"https://github.com","bytecanvas","G1tk0n! P@S5w0rdB1r$3k0b! r$yaihui#JAth@;",,"https://github.com","{02181ccc-5da4-4427-a2ac-79cad1311992}","1760683532290","1761277414884","1760683532290"
"https://account.live.com","deutsch_learn@outlook.com","K1Ll3R#M3.enN7MMF9aJMyP7m",,"https://account.live.com","{6be7da68-e394-4852-b5d6-f20deb3c0bd9}","1760683608084","1760684327513","1760683822478"
"https://auth.openai.com","ribibo7105@foxroids.com","H6LQT:fpyJ^URX]",,"https://auth.openai.com","{4ad926a6-0005-458e-a7d5-7e18cdbbcc48}","1760848052954","1760848058829","1760848058829"
"https://sosys.ssf.gov.np","20780357326","K1Ll3R#M3",,"https://sosys.ssf.gov.np","{37cc880c-b501-40f0-8ed8-1b637c7b86c5}","1760930686072","1761107938620","1760930686072"
"https://www.deviantart.com","",")B!8T]sJ>i$9FB-",,"https://www.deviantart.com","{286e4b72-7b2a-4db0-9117-90e67479a7d0}","1760953142228","1760953142228","1760953142228"
"https://www.dropbox.com","","BM48=xk,>^a5KX!",,"https://www.dropbox.com","{653b8e36-ffb3-4c3f-a5bb-3b358c3cdc0e}","1760953449155","1760953449155","1760953449155"
"https://www.reddit.com","rudra_tandav","%H}T83""jyx$;-8B",,"https://www.reddit.com","{a5c3e02a-62d4-4dfa-b152-38a8dbe0193c}","1761105757739","1761105757739","1761105757739"
"http://192.168.16.1","","admin",,"http://192.168.16.1","{c0452dcd-8f5e-4a6b-ba3f-d937bcb32a27}","1761108774169","1761108774169","1761108774169"
"http://192.168.1.1","user","K1Ll3R#M3",,"http://192.168.1.1","{d88efe53-184b-423c-82a4-0c9a2c30b02a}","1761108814266","1764950649870","1764950649870"
"http://192.168.1.1","superadmin","SuP@Ot3f",,"http://192.168.1.1","{dfd646c9-a3a2-4205-bae5-9a99399bbd64}","1761109074462","1761109074462","1761109074462"
"https://ext.to","torrdownloader","qE*e3dC^jAZk^:P",,"https://ext.to","{4815c6c1-9d35-4df1-a2df-91b39ccb9e0d}","1761287203005","1761446142703","1761287220009"
"https://ticktick.com","","%Yu_ix9?Uv=QaVj",,"https://ticktick.com","{e4ecbaa7-f59d-47d5-bf9f-3d7654eb99a9}","1761619971525","1761619971525","1761619971525"
"https://www.vhs-lernportal.de","ajde","u6wx3t.w,d7+$MG",,"https://www.vhs-lernportal.de","{e4f0e70a-0b51-424a-a7aa-14683139150d}","1761701868845","1761701888798","1761701888798"
"https://www.academia.edu","woyohah871@lovleo.com","uq%j3GP9fn""D3L6",,"https://www.academia.edu","{5e441078-d63c-4951-8f40-eea7d043d60d}","1761788517920","1761788528236","1761788528236"
"https://auth.scribd.com","cevaber539@lovleo.com","sGA2tWMr44ZXZJ)",,"https://auth.scribd.com","{14ba4ca4-a69f-40c2-807b-880f74344fbd}","1761789142461","1761835567183","1761835567183"
"https://mega.nz","deutsch_learn@outlook.com","xB=4Lw'3L$yEgv)",,"https://mega.nz","{3fee8d58-f096-4bcb-b274-166c9e005aff}","1761884639885","1761916780615","1761884639885"
"https://www.beamjobs.com","nabis71026@dropeso.com","22DX2aY%$}d}&uE",,"https://www.beamjobs.com","{eb832b13-e18f-4df2-91e0-494fb72483ba}","1762160030965","1762160034377","1762160034377"
"https://discord.com","","s=4t2;T$^-EWL7X",,"https://discord.com","{be10d1f3-3c06-4b2b-86d0-37d27f50f661}","1762245919060","1762245919060","1762245919060"
"https://id.freepik.com","","pT],qX72>x*2J5>",,"https://id.freepik.com","{8189886a-76d5-43a7-8a64-ec50b7cfff2d}","1762510850797","1762510850797","1762510850797"
"https://animekai.to","anidownloader001","_ye%?$5~]3%R5-+",,"https://animekai.to","{f0e30382-bc2d-41a6-b9be-e46eee221d6d}","1762828765573","1762828793503","1762828793503"
"https://anikai.to","",",YPMvvCmWM%rDf9",,"https://anikai.to","{686c14cd-f13c-4df3-b95c-abcf8fc9aa8b}","1762828827681","1762828827681","1762828827681"
"https://app.raindrop.io","bookmarkmanager001","62zLC6d].v_f%@q",,"https://app.raindrop.io","{f61859e8-8d33-4d5a-871a-b803118098a3}","1763264232253","1763264256372","1763264256372"
"https://auth.netacad.com","bajiyim834@aikunkun.com","d6J""~VN3Mc?=z+'",,"https://auth.netacad.com","{560e763a-59df-4629-9bef-8016f2c4e835}","1764245274649","1764837711015","1764245281922"
"https://justblogged.com","deutsch_learn@outlook.com","-J%%6;NV,XSr&k5",,"https://justblogged.com","{943d5990-676f-42ea-ac2d-3f3ec583ea1c}","1764648963796","1764648974703","1764648974703"
"https://www.gns3.com","kawex31986@docsfy.com","v6_wfz^gDPA""!D""",,"https://www.gns3.com","{bcc9000e-ca46-4634-86c7-1d797f77265c}","1764656133600","1764656144137","1764656144137"